[
    {
        "_id": "b-1",
        "_parentId": "a-01",
        "_type": "block",
        "_classes": "",
        "_trackingId": 0,
        "_trickle": {
            "_isEnabled":false
        }
    },
    {
        "_id": "b-2",
        "_parentId": "a-01",
        "_type": "block",
        "_classes": "inverted section-banner",
        "_trackingId": 1,
        "_trickle": {
            "_isEnabled":false
        }
    },
    {
        "_id": "b-3",
        "_parentId": "a-01",
        "_type": "block",
        "_classes": "",
        "_trackingId": 2,
        "_trickle": {
            "_isEnabled":false
        }
    },
    {
        "_id": "b-4",
        "_parentId": "a-01",
        "_type": "block",
        "_classes": "inverted",
        "_trackingId": 3,
        "_trickle": {
            "_isEnabled":false
        }
    },
    {
        "_id": "b-5",
        "_parentId": "a-01",
        "_type": "block",
        "_classes": "",
        "_trackingId": 4,
        "_trickle": {
            "_isEnabled":false
        }
    },
    {
        "_id": "b-6",
        "_parentId": "a-01",
        "_type": "block",
        "_classes": "inverted",
        "_trackingId": 5,
        "_trickle": {
            "_isEnabled":false
        }
    },
    {
        "_id": "b-7",
        "_parentId": "a-01",
        "_type": "block",
        "_classes": "inverted section-banner",
        "_trackingId": 6,
        "_trickle": {
            "_isEnabled":false
        }
    },
    {
        "_id": "b-8",
        "_parentId": "a-01",
        "_type": "block",
        "_classes": "",
        "_trackingId": 7,
        "_trickle": {
            "_isEnabled":false
        }
    },
    {
        "_id": "b-9",
        "_parentId": "a-01",
        "_type": "block",
        "_classes": "inverted",
        "_trackingId": 8,
        "_trickle": {
            "_isEnabled":false
        }
    },
    {
        "_id": "b-10",
        "_parentId": "a-01",
        "_type": "block",
        "_classes": "",
        "_trackingId": 9,
        "_trickle": {
            "_isEnabled":false
        }
    },
    {
        "_id": "b-11",
        "_parentId": "a-01",
        "_type": "block",
        "_classes": "inverted section-banner",
        "_trackingId": 10,
        "_trickle": {
            "_isEnabled":false
        }
    },
    {
        "_id": "b-12",
        "_parentId": "a-01",
        "_type": "block",
        "_classes": "",
        "_trackingId": 11,
        "_trickle": {
            "_isEnabled":false
        }
    },
    {
        "_id": "b-13",
        "_parentId": "a-01",
        "_type": "block",
        "_classes": "inverted section-banner",
        "_trackingId": 12,
        "_trickle": {
            "_isEnabled":false
        }
    },
    {
        "_id": "b-14",
        "_parentId": "a-01",
        "_type": "block",
        "_classes": "",
        "_trackingId": 13,
        "_trickle": {
            "_isEnabled":false
        }
    },
    {
        "_id": "b-15",
        "_parentId": "a-01",
        "_type": "block",
        "_classes": "inverted",
        "_trackingId": 14,
        "_trickle": {
            "_isEnabled":false
        }
    },
    {
        "_id": "b-16",
        "_parentId": "a-01",
        "_type": "block",
        "_classes": "",
        "_trackingId": 15,
        "_trickle": {
            "_isEnabled":false
        }
    },
    {
        "_id": "b-17",
        "_parentId": "a-01",
        "_type": "block",
        "_classes": "inverted",
        "_trackingId": 16,
        "_trickle": {
            "_isEnabled":false
        }
    },
    {
        "_id": "b-18",
        "_parentId": "a-01",
        "_type": "block",
        "_classes": "summary",
        "_trackingId": 17,
        "_trickle": {
            "_isEnabled":false
        }
    }
]